titulo,url,fecha
LA PSICOLOGIA DEL DINERO,https://cuspide.com/producto/la-psicologia-del-dinero/,2024-02-10
DESTROZA ESTE DIARIO ( A TODO COLOR ),https://cuspide.com/producto/destroza-este-diario-a-todo-color/,2024-02-10
NUESTRA PARTE DE NOCHE,https://cuspide.com/producto/nuestra-parte-de-noche/,2024-02-10
DEJA DE SER TU,https://cuspide.com/producto/deja-de-ser-tu/,2024-02-10
EL DUELO ( CUANDO EL DOLOR SE HACE CARNE ),https://cuspide.com/producto/el-duelo-cuando-el-dolor-se-hace-carne/,2024-02-10
LA ASISTENTA,https://cuspide.com/producto/la-asistenta/,2024-02-10
TAYLOR : FROM THE VAULT,https://cuspide.com/producto/taylor-from-the-vault/,2024-02-10
LA CASA DE LOS SUICIDIOS,https://cuspide.com/producto/la-casa-de-los-suicidios/,2024-02-10
TOKIO BLUES â€“ BOOKET VERANO 2023-2024,https://cuspide.com/producto/tokio-blues-booket-verano-2023-2024/,2024-02-10
HABITOS ATOMICOS,https://cuspide.com/producto/habitos-atomicos/,2024-02-10
